frame,keypoint_index,keypoint_name,x,y,visibility
0,0,nose,194.79525756835938,198.446533203125,0.973909318447113
0,1,left_eye,195.92929077148438,195.95608520507812,0.8703247904777527
0,2,right_eye,191.01217651367188,196.06898498535156,0.9917603731155396
0,3,left_ear,196.7010040283203,199.13941955566406,0.18259501457214355
0,4,right_ear,183.1200714111328,199.7023162841797,0.9805872440338135
0,5,left_shoulder,202.93626403808594,218.17404174804688,0.9957613348960876
0,6,right_shoulder,175.17623901367188,221.27767944335938,0.9960273504257202
0,7,left_elbow,213.53392028808594,235.60531616210938,0.9791837930679321
0,8,right_elbow,161.96420288085938,244.0,0.9743565917015076
0,9,left_wrist,215.7543487548828,254.72393798828125,0.9749273061752319
0,10,right_wrist,170.99269104003906,260.73712158203125,0.9733490347862244
0,11,left_hip,198.87364196777344,259.87322998046875,0.9973838925361633
0,12,right_hip,181.39657592773438,260.5736083984375,0.997569739818573
0,13,left_knee,200.60189819335938,290.4160461425781,0.9764268398284912
0,14,right_knee,185.7119903564453,286.5427551269531,0.9761632084846497
0,15,left_ankle,194.5752410888672,321.0859069824219,0.9352006912231445
0,16,right_ankle,186.42935180664062,316.8716735839844,0.9282864332199097
1,0,nose,198.22622680664062,199.18475341796875,0.8615835309028625
1,1,left_eye,199.33106994628906,196.90599060058594,0.5923099517822266
1,2,right_eye,194.68617248535156,196.93357849121094,0.90068119764328
1,3,left_ear,199.86488342285156,200.42962646484375,0.24439166486263275
1,4,right_ear,186.81439208984375,200.94041442871094,0.9120219349861145
1,5,left_shoulder,206.51519775390625,220.5352783203125,0.9967492818832397
1,6,right_shoulder,178.11985778808594,223.52955627441406,0.9961718916893005
1,7,left_elbow,214.5025177001953,240.33189392089844,0.9883988499641418
1,8,right_elbow,164.3265838623047,246.55441284179688,0.9773130416870117
1,9,left_wrist,217.576416015625,261.1875305175781,0.9840017557144165
1,10,right_wrist,170.74700927734375,263.7232360839844,0.9751201868057251
1,11,left_hip,200.13816833496094,264.2054443359375,0.9981206059455872
1,12,right_hip,182.07479858398438,265.15167236328125,0.9983190894126892
1,13,left_knee,199.86582946777344,297.8339538574219,0.99007648229599
1,14,right_knee,183.47988891601562,296.93499755859375,0.9915766716003418
1,15,left_ankle,194.55601501464844,328.8243103027344,0.9730373024940491
1,16,right_ankle,185.60708618164062,328.7988586425781,0.9728056192398071
2,0,nose,200.72348022460938,211.32493591308594,0.8113547563552856
2,1,left_eye,202.38742065429688,208.64100646972656,0.5085115432739258
2,2,right_eye,197.7122039794922,208.75772094726562,0.8168649673461914
2,3,left_ear,203.52471923828125,209.064697265625,0.2506996691226959
2,4,right_ear,190.12107849121094,209.37588500976562,0.8321143388748169
2,5,left_shoulder,209.23684692382812,224.2164306640625,0.9971617460250854
2,6,right_shoulder,180.11952209472656,226.09165954589844,0.9961434602737427
2,7,left_elbow,216.70547485351562,246.1090850830078,0.9931064248085022
2,8,right_elbow,165.14572143554688,248.95767211914062,0.9792277216911316
2,9,left_wrist,218.9603271484375,268.7800598144531,0.9881088137626648
2,10,right_wrist,169.5260772705078,267.24365234375,0.9730486869812012
2,11,left_hip,200.27169799804688,266.9580078125,0.9979099631309509
2,12,right_hip,182.32620239257812,267.5668029785156,0.9977269768714905
2,13,left_knee,197.98109436035156,300.583740234375,0.9921964406967163
2,14,right_knee,182.09176635742188,301.00091552734375,0.9890522360801697
2,15,left_ankle,194.48977661132812,334.5771179199219,0.9795966148376465
2,16,right_ankle,185.07821655273438,332.7863464355469,0.9685483574867249
3,0,nose,203.958984375,209.0490264892578,0.7352964878082275
3,1,left_eye,205.326904296875,206.6707305908203,0.3445146977901459
3,2,right_eye,200.92337036132812,206.52540588378906,0.7274779081344604
3,3,left_ear,205.6453094482422,208.72784423828125,0.20207196474075317
3,4,right_ear,192.75120544433594,208.47378540039062,0.834959864616394
3,5,left_shoulder,210.8768310546875,226.73403930664062,0.9975626468658447
3,6,right_shoulder,181.0716552734375,227.29379272460938,0.9961510896682739
3,7,left_elbow,219.42037963867188,248.883544921875,0.9923155307769775
3,8,right_elbow,165.48873901367188,249.7578125,0.9775816798210144
3,9,left_wrist,221.8623046875,271.2981262207031,0.984184741973877
3,10,right_wrist,166.8749542236328,270.7358703613281,0.9694927930831909
3,11,left_hip,201.26397705078125,270.2900390625,0.997856080532074
3,12,right_hip,182.70510864257812,270.24755859375,0.9973652958869934
3,13,left_knee,200.41590881347656,304.05621337890625,0.9891678094863892
3,14,right_knee,181.8983154296875,302.99755859375,0.981487512588501
3,15,left_ankle,197.68458557128906,338.958740234375,0.9718254804611206
3,16,right_ankle,183.8044891357422,336.4886474609375,0.9472145438194275
4,0,nose,204.81979370117188,208.01071166992188,0.951132595539093
4,1,left_eye,206.15184020996094,205.61614990234375,0.7164166569709778
4,2,right_eye,201.1276092529297,205.6471405029297,0.9791132807731628
4,3,left_ear,206.88912963867188,208.96783447265625,0.1882513463497162
4,4,right_ear,193.28797912597656,209.2673797607422,0.9736573100090027
4,5,left_shoulder,213.23419189453125,228.5901641845703,0.9975905418395996
4,6,right_shoulder,181.12554931640625,228.98428344726562,0.9966828227043152
4,7,left_elbow,220.39703369140625,250.45054626464844,0.9905288815498352
4,8,right_elbow,165.82159423828125,251.10108947753906,0.9556806087493896
4,9,left_wrist,223.23574829101562,272.73583984375,0.9801855087280273
4,10,right_wrist,163.18569946289062,277.36895751953125,0.9095075130462646
4,11,left_hip,203.54539489746094,272.1505432128906,0.9976475834846497
4,12,right_hip,183.15748596191406,271.829345703125,0.9966909885406494
4,13,left_knee,203.80352783203125,305.6600341796875,0.9821715354919434
4,14,right_knee,181.71823120117188,303.94134521484375,0.9510254263877869
4,15,left_ankle,202.33770751953125,341.2535400390625,0.9517413973808289
4,16,right_ankle,180.14332580566406,337.2659912109375,0.8638926148414612
5,0,nose,204.93569946289062,209.2919158935547,0.9425973296165466
5,1,left_eye,206.41519165039062,206.99411010742188,0.7077729105949402
5,2,right_eye,201.2837371826172,206.9320068359375,0.9704682230949402
5,3,left_ear,207.3798370361328,210.6270294189453,0.2268105447292328
5,4,right_ear,193.67100524902344,210.7259979248047,0.9668931365013123
5,5,left_shoulder,214.4674072265625,229.95248413085938,0.9975953698158264
5,6,right_shoulder,182.43728637695312,230.66607666015625,0.9966275095939636
5,7,left_elbow,221.25537109375,251.1918487548828,0.9904999136924744
5,8,right_elbow,164.20938110351562,251.70516967773438,0.9610000848770142
5,9,left_wrist,224.0979766845703,272.9563903808594,0.9838367104530334
5,10,right_wrist,164.7925567626953,281.7518310546875,0.940452516078949
5,11,left_hip,204.3400421142578,274.5268249511719,0.9977503418922424
5,12,right_hip,183.2315673828125,273.25897216796875,0.9964272379875183
5,13,left_knee,205.46826171875,306.9012451171875,0.9776790142059326
5,14,right_knee,171.15374755859375,301.4702453613281,0.9197160005569458
5,15,left_ankle,203.54803466796875,342.2314758300781,0.9467737674713135
5,16,right_ankle,162.8567352294922,330.8418273925781,0.836850106716156
6,0,nose,204.67660522460938,210.61935424804688,0.9642130136489868
6,1,left_eye,205.9974365234375,208.2333221435547,0.7991823554039001
6,2,right_eye,201.0198211669922,208.40945434570312,0.9843802452087402
6,3,left_ear,206.9771728515625,211.63238525390625,0.23634198307991028
6,4,right_ear,193.80955505371094,212.28546142578125,0.9762943387031555
6,5,left_shoulder,215.50418090820312,230.6974639892578,0.9974905252456665
6,6,right_shoulder,183.28280639648438,232.0142822265625,0.9964549541473389
6,7,left_elbow,221.61178588867188,252.07728576660156,0.9888439178466797
6,8,right_elbow,166.61187744140625,254.54481506347656,0.9598641395568848
6,9,left_wrist,224.1901092529297,273.64837646484375,0.9815611243247986
6,10,right_wrist,166.50323486328125,285.2910461425781,0.9368628263473511
6,11,left_hip,206.2362060546875,275.1781005859375,0.9975737929344177
6,12,right_hip,184.7889862060547,274.4215087890625,0.9963372945785522
6,13,left_knee,208.42799377441406,305.84210205078125,0.9800034165382385
6,14,right_knee,172.49560546875,302.4845275878906,0.9377321004867554
6,15,left_ankle,204.98487854003906,338.6413879394531,0.9533399343490601
6,16,right_ankle,166.30528259277344,332.55120849609375,0.8532559275627136
7,0,nose,202.5601043701172,224.774169921875,0.8985354900360107
7,1,left_eye,205.4224090576172,221.69508361816406,0.7722360491752625
7,2,right_eye,199.5398712158203,221.65786743164062,0.8961136937141418
7,3,left_ear,208.82989501953125,220.13168334960938,0.404590904712677
7,4,right_ear,192.68695068359375,219.74853515625,0.8062987327575684
7,5,left_shoulder,215.2825927734375,232.92039489746094,0.9946787357330322
7,6,right_shoulder,183.11700439453125,231.66891479492188,0.9892622828483582
7,7,left_elbow,221.0475616455078,253.44996643066406,0.9861127734184265
7,8,right_elbow,166.02206420898438,241.68972778320312,0.9119835495948792
7,9,left_wrist,222.64707946777344,274.08685302734375,0.9765462875366211
7,10,right_wrist,158.19244384765625,246.6912078857422,0.8702625036239624
7,11,left_hip,204.3037567138672,275.19439697265625,0.9977787137031555
7,12,right_hip,183.03561401367188,273.51263427734375,0.9964748024940491
7,13,left_knee,211.1739044189453,307.0478210449219,0.9801813960075378
7,14,right_knee,170.37246704101562,301.0607604980469,0.9581848978996277
7,15,left_ankle,206.89874267578125,333.0558776855469,0.9629464745521545
7,16,right_ankle,163.86878967285156,328.3363952636719,0.9258783459663391
8,0,nose,202.3143310546875,215.20814514160156,0.952537477016449
8,1,left_eye,203.8684844970703,212.74192810058594,0.8746596574783325
8,2,right_eye,198.36788940429688,213.29345703125,0.9778256416320801
8,3,left_ear,205.8966064453125,216.19944763183594,0.4055618941783905
8,4,right_ear,191.58767700195312,217.81671142578125,0.9552294015884399
8,5,left_shoulder,214.18980407714844,234.38003540039062,0.9963257908821106
8,6,right_shoulder,182.79443359375,235.6593017578125,0.9925106763839722
8,7,left_elbow,218.4610595703125,256.5511169433594,0.9865766763687134
8,8,right_elbow,165.40858459472656,245.41494750976562,0.9040337800979614
8,9,left_wrist,221.26400756835938,278.54217529296875,0.980445921421051
8,10,right_wrist,161.03622436523438,248.0109100341797,0.8738078474998474
8,11,left_hip,205.70196533203125,278.9007568359375,0.998256266117096
8,12,right_hip,184.29486083984375,278.74261474609375,0.9971579313278198
8,13,left_knee,215.06846618652344,311.1684875488281,0.9807583093643188
8,14,right_knee,174.43310546875,308.3277587890625,0.9551513195037842
8,15,left_ankle,203.6564483642578,334.9874572753906,0.9601984024047852
8,16,right_ankle,171.17739868164062,334.69708251953125,0.8955856561660767
9,0,nose,202.17367553710938,219.1971435546875,0.9564081430435181
9,1,left_eye,203.9149627685547,216.59669494628906,0.8570230007171631
9,2,right_eye,198.1473388671875,216.95932006835938,0.9796701669692993
9,3,left_ear,205.7317657470703,220.00997924804688,0.3419300317764282
9,4,right_ear,190.6779022216797,221.21421813964844,0.9651089310646057
9,5,left_shoulder,213.83673095703125,238.03346252441406,0.9960696697235107
9,6,right_shoulder,180.28753662109375,242.26138305664062,0.9944382905960083
9,7,left_elbow,218.20578002929688,260.63311767578125,0.9852924942970276
9,8,right_elbow,167.56800842285156,267.0894775390625,0.9639616012573242
9,9,left_wrist,222.54957580566406,283.2213439941406,0.9817178249359131
9,10,right_wrist,169.3917694091797,297.8465576171875,0.9608399271965027
9,11,left_hip,207.35879516601562,284.4659423828125,0.9982195496559143
9,12,right_hip,185.07640075683594,286.87060546875,0.9984443783760071
9,13,left_knee,217.9177703857422,315.2017822265625,0.9621041417121887
9,14,right_knee,177.19015502929688,322.2702941894531,0.962706983089447
9,15,left_ankle,201.7744140625,341.5291442871094,0.9319045543670654
9,16,right_ankle,173.0654296875,354.97821044921875,0.8705141544342041
10,0,nose,202.2548370361328,222.73377990722656,0.9504218697547913
10,1,left_eye,203.669677734375,220.32850646972656,0.8317367434501648
10,2,right_eye,197.98529052734375,220.52821350097656,0.9801763296127319
10,3,left_ear,204.79855346679688,224.43154907226562,0.2644885778427124
10,4,right_ear,189.69070434570312,225.50830078125,0.9706532955169678
10,5,left_shoulder,212.6430206298828,242.38397216796875,0.9970220923423767
10,6,right_shoulder,181.38490295410156,247.60565185546875,0.9944169521331787
10,7,left_elbow,218.77513122558594,266.47552490234375,0.9897560477256775
10,8,right_elbow,168.3533935546875,267.92083740234375,0.9564634561538696
10,9,left_wrist,227.73216247558594,289.8469543457031,0.9767377972602844
10,10,right_wrist,164.373779296875,288.2670593261719,0.9311373233795166
10,11,left_hip,207.60260009765625,287.26165771484375,0.9979401230812073
10,12,right_hip,186.5443115234375,290.2452087402344,0.9980520009994507
10,13,left_knee,221.99493408203125,315.4173278808594,0.9537725448608398
10,14,right_knee,182.4133758544922,323.2509765625,0.9526461958885193
10,15,left_ankle,202.35784912109375,341.0625,0.9340193271636963
10,16,right_ankle,181.75344848632812,352.3848571777344,0.8866134285926819
11,0,nose,202.849853515625,226.86793518066406,0.9547574520111084
11,1,left_eye,204.32537841796875,223.98475646972656,0.8477932214736938
11,2,right_eye,198.6223907470703,224.4736785888672,0.9817818403244019
11,3,left_ear,205.6479949951172,227.00033569335938,0.275770902633667
11,4,right_ear,190.65577697753906,228.56021118164062,0.9660783410072327
11,5,left_shoulder,213.32008361816406,246.77230834960938,0.9967569708824158
11,6,right_shoulder,182.60830688476562,251.36685180664062,0.9946446418762207
11,7,left_elbow,219.73841857910156,269.44580078125,0.985932469367981
11,8,right_elbow,172.04092407226562,275.341064453125,0.930687427520752
11,9,left_wrist,233.21734619140625,289.76177978515625,0.9673898816108704
11,10,right_wrist,172.6058349609375,296.8912048339844,0.856881856918335
11,11,left_hip,206.5621795654297,295.1248779296875,0.9975263476371765
11,12,right_hip,186.89869689941406,297.5162353515625,0.9981537461280823
11,13,left_knee,208.40614318847656,329.118896484375,0.9194802045822144
11,14,right_knee,184.32383728027344,336.9112854003906,0.9550538063049316
11,15,left_ankle,193.4684295654297,356.7767639160156,0.8406184315681458
11,16,right_ankle,182.4081268310547,369.8249816894531,0.8597850203514099
12,0,nose,196.90577697753906,239.43612670898438,0.6424950957298279
12,1,left_eye,198.66514587402344,236.61033630371094,0.5391737818717957
12,2,right_eye,194.8883819580078,237.053466796875,0.4640365540981293
12,3,left_ear,202.77711486816406,235.374267578125,0.5802663564682007
12,4,right_ear,191.63711547851562,236.33819580078125,0.4737418591976166
12,5,left_shoulder,212.5047149658203,249.05960083007812,0.9941061735153198
12,6,right_shoulder,185.5972137451172,251.41038513183594,0.988483726978302
12,7,left_elbow,224.48052978515625,267.766357421875,0.9620071649551392
12,8,right_elbow,177.4272918701172,271.3002624511719,0.8966460227966309
12,9,left_wrist,232.72140502929688,275.7771301269531,0.8560487031936646
12,10,right_wrist,182.8367156982422,288.3562316894531,0.6876816153526306
12,11,left_hip,206.44480895996094,292.7362365722656,0.9831035137176514
12,12,right_hip,188.7996826171875,293.4151306152344,0.9827361106872559
12,13,left_knee,209.21099853515625,322.3479919433594,0.7267597913742065
12,14,right_knee,185.6207733154297,323.39434814453125,0.7363484501838684
12,15,left_ankle,207.2760772705078,348.3347473144531,0.31720414757728577
12,16,right_ankle,187.0546417236328,348.657470703125,0.3316745162010193
13,0,nose,192.16065979003906,239.43145751953125,0.64739590883255
13,1,left_eye,194.18910217285156,236.51864624023438,0.6082605123519897
13,2,right_eye,190.73143005371094,236.7821502685547,0.3225085139274597
13,3,left_ear,200.5719757080078,235.33914184570312,0.6913852691650391
13,4,right_ear,190.09585571289062,235.97964477539062,0.2189004123210907
13,5,left_shoulder,212.8616943359375,248.64402770996094,0.9875476360321045
13,6,right_shoulder,184.11669921875,250.69039916992188,0.9794060587882996
13,7,left_elbow,228.44151306152344,263.61224365234375,0.8343562483787537
13,8,right_elbow,175.36767578125,268.66571044921875,0.5973576903343201
13,9,left_wrist,224.95413208007812,265.4220275878906,0.6417070031166077
13,10,right_wrist,181.6147918701172,273.8692321777344,0.2919301986694336
13,11,left_hip,205.9968719482422,293.1430969238281,0.9824969172477722
13,12,right_hip,187.43975830078125,293.37652587890625,0.9810664653778076
13,13,left_knee,208.963134765625,325.304443359375,0.8852887749671936
13,14,right_knee,187.8609161376953,326.18408203125,0.880456268787384
13,15,left_ankle,208.0567169189453,353.698974609375,0.526680588722229
13,16,right_ankle,189.98143005371094,353.43414306640625,0.5273270606994629
14,0,nose,123.09001159667969,253.6399383544922,0.3116935193538666
14,1,left_eye,120.4677963256836,250.0796356201172,0.057413000613451004
14,2,right_eye,122.96647644042969,250.4683837890625,0.286273330450058
14,3,left_ear,108.21573638916016,247.96803283691406,0.07293697446584702
14,4,right_ear,116.03659057617188,250.07177734375,0.5236014127731323
14,5,left_shoulder,102.45496368408203,257.4222717285156,0.8990775346755981
14,6,right_shoulder,104.72552490234375,262.28363037109375,0.9751763343811035
14,7,left_elbow,111.48931884765625,277.7528076171875,0.30379074811935425
14,8,right_elbow,114.2123794555664,279.0701904296875,0.8132650852203369
14,9,left_wrist,118.59478759765625,286.219970703125,0.23834240436553955
14,10,right_wrist,121.69830322265625,283.7294921875,0.5377171635627747
14,11,left_hip,82.48455047607422,310.8922119140625,0.9813777804374695
14,12,right_hip,81.57522583007812,315.0890197753906,0.9939549565315247
14,13,left_knee,101.2538070678711,346.6689147949219,0.9766613841056824
14,14,right_knee,98.3251724243164,361.0401611328125,0.9972643852233887
14,15,left_ankle,92.99519348144531,379.2369689941406,0.9872981309890747
14,16,right_ankle,84.18902587890625,405.3192138671875,0.9947615265846252
15,0,nose,128.8115997314453,265.458251953125,0.2738913297653198
15,1,left_eye,125.57633972167969,262.5398254394531,0.04637155309319496
15,2,right_eye,127.5805435180664,263.83294677734375,0.17407208681106567
15,3,left_ear,115.30370330810547,260.9208679199219,0.04874589666724205
15,4,right_ear,118.67314910888672,266.11724853515625,0.3511718213558197
15,5,left_shoulder,110.7706527709961,262.1536560058594,0.9512833952903748
15,6,right_shoulder,103.38960266113281,283.9057922363281,0.9706243276596069
15,7,left_elbow,113.80720520019531,270.17327880859375,0.47877514362335205
15,8,right_elbow,97.68135833740234,318.76708984375,0.9427064061164856
15,9,left_wrist,121.60885620117188,281.6714782714844,0.36068835854530334
15,10,right_wrist,111.74433898925781,332.0644836425781,0.9246805906295776
15,11,left_hip,89.39641571044922,309.83111572265625,0.9920990467071533
15,12,right_hip,82.48395538330078,321.4024658203125,0.9965554475784302
15,13,left_knee,120.49293518066406,331.56207275390625,0.988997220993042
15,14,right_knee,104.64118194580078,362.6087646484375,0.997911274433136
15,15,left_ankle,95.76536560058594,373.8439025878906,0.9917269945144653
15,16,right_ankle,85.00243377685547,403.35662841796875,0.9923169612884521
16,0,nose,134.69432067871094,274.69952392578125,0.7916660904884338
16,1,left_eye,134.76560974121094,270.4842224121094,0.19086667895317078
16,2,right_eye,132.22145080566406,271.0853271484375,0.6939756870269775
16,3,left_ear,127.86913299560547,265.5077209472656,0.02496400848031044
16,4,right_ear,121.18570709228516,268.00762939453125,0.639358401298523
16,5,left_shoulder,115.98651123046875,266.7438659667969,0.9192070364952087
16,6,right_shoulder,106.90036010742188,282.0657958984375,0.9661865234375
16,7,left_elbow,113.08146667480469,288.33837890625,0.38225021958351135
16,8,right_elbow,101.66692352294922,318.92376708984375,0.8877471685409546
16,9,left_wrist,119.09345245361328,321.35205078125,0.3115808963775635
16,10,right_wrist,111.25814056396484,342.4541931152344,0.8108757734298706
16,11,left_hip,91.17290496826172,310.2003479003906,0.9834772944450378
16,12,right_hip,81.76235961914062,320.0824890136719,0.9941911101341248
16,13,left_knee,124.89863586425781,330.31787109375,0.9860100746154785
16,14,right_knee,107.19612121582031,360.84503173828125,0.9978378415107727
16,15,left_ankle,98.65521240234375,374.9069519042969,0.9924038052558899
16,16,right_ankle,84.66707611083984,403.1729736328125,0.994138240814209
17,0,nose,134.0467529296875,262.34381103515625,0.2263898104429245
17,1,left_eye,131.47817993164062,258.22308349609375,0.03375808894634247
17,2,right_eye,134.59457397460938,258.94183349609375,0.22063378989696503
17,3,left_ear,121.21731567382812,250.0448455810547,0.03747890144586563
17,4,right_ear,128.0554962158203,252.69000244140625,0.49568405747413635
17,5,left_shoulder,115.60301971435547,251.73834228515625,0.8546119928359985
17,6,right_shoulder,112.67869567871094,262.7898864746094,0.9591706395149231
17,7,left_elbow,120.4601821899414,274.5205993652344,0.24485743045806885
17,8,right_elbow,122.7779312133789,288.20770263671875,0.8232467174530029
17,9,left_wrist,132.48046875,282.0185241699219,0.1580922156572342
17,10,right_wrist,134.93568420410156,291.6100769042969,0.4489600360393524
17,11,left_hip,95.53327941894531,308.9573974609375,0.9870719313621521
17,12,right_hip,86.10315704345703,316.7817077636719,0.9963343143463135
17,13,left_knee,134.19241333007812,332.4659118652344,0.9861935973167419
17,14,right_knee,108.2850570678711,359.37158203125,0.9977333545684814
17,15,left_ankle,103.83445739746094,373.3717041015625,0.9949870109558105
17,16,right_ankle,83.53041076660156,403.5925598144531,0.9952903985977173
18,0,nose,132.94595336914062,255.503173828125,0.31524500250816345
18,1,left_eye,129.79592895507812,251.6036376953125,0.09711919724941254
18,2,right_eye,132.99351501464844,251.8517303466797,0.2750642001628876
18,3,left_ear,119.43338012695312,248.59609985351562,0.11481982469558716
18,4,right_ear,127.36223602294922,250.8915557861328,0.4713388681411743
18,5,left_shoulder,116.6497802734375,254.53260803222656,0.8767480850219727
18,6,right_shoulder,110.60000610351562,264.79620361328125,0.9553505182266235
18,7,left_elbow,123.41403198242188,274.85980224609375,0.43635204434394836
18,8,right_elbow,108.53057098388672,304.1318054199219,0.8292171955108643
18,9,left_wrist,130.4913787841797,285.3298645019531,0.5394099354743958
18,10,right_wrist,120.87663269042969,319.4263610839844,0.706380307674408
18,11,left_hip,95.30256652832031,306.05792236328125,0.9733032584190369
18,12,right_hip,88.66346740722656,311.7522888183594,0.9916160702705383
18,13,left_knee,120.774658203125,343.81427001953125,0.9858805537223816
18,14,right_knee,107.65866088867188,361.7737731933594,0.9980176687240601
18,15,left_ankle,102.43775177001953,380.6246032714844,0.9782906174659729
18,16,right_ankle,86.3719253540039,400.8094482421875,0.99039626121521
19,0,nose,125.70814514160156,258.8572998046875,0.41395455598831177
19,1,left_eye,122.82173156738281,255.1735076904297,0.18424592912197113
19,2,right_eye,124.15760040283203,255.98361206054688,0.31195947527885437
19,3,left_ear,115.63565063476562,254.7943115234375,0.12962833046913147
19,4,right_ear,117.59785461425781,258.67254638671875,0.3471999764442444
19,5,left_shoulder,115.27745056152344,263.3938293457031,0.8733189105987549
19,6,right_shoulder,105.18762969970703,276.5361022949219,0.9358491897583008
19,7,left_elbow,116.8035659790039,284.4432373046875,0.4527629017829895
19,8,right_elbow,91.88692474365234,320.87591552734375,0.9031636118888855
19,9,left_wrist,127.11907196044922,301.49176025390625,0.6146178245544434
19,10,right_wrist,103.80010223388672,347.3236389160156,0.9113283753395081
19,11,left_hip,100.63256072998047,303.47174072265625,0.9457905292510986
19,12,right_hip,93.68010711669922,309.58782958984375,0.9664900898933411
19,13,left_knee,117.55937194824219,337.6048278808594,0.9668881893157959
19,14,right_knee,103.22396850585938,347.7229919433594,0.9816407561302185
19,15,left_ankle,99.79759216308594,383.746337890625,0.9697594046592712
19,16,right_ankle,91.95213317871094,390.9875183105469,0.9731720685958862
20,0,nose,115.34838104248047,166.17176818847656,0.9498475193977356
20,1,left_eye,117.14254760742188,161.8775177001953,0.5692428946495056
20,2,right_eye,110.97493743896484,162.63572692871094,0.9685875177383423
20,3,left_ear,114.01335144042969,163.25421142578125,0.07865874469280243
20,4,right_ear,102.9455795288086,165.3488311767578,0.9376918077468872
20,5,left_shoulder,104.1397933959961,183.92799377441406,0.8709994554519653
20,6,right_shoulder,102.12730407714844,186.7161102294922,0.9901571273803711
20,7,left_elbow,104.93896484375,213.0012969970703,0.24970613420009613
20,8,right_elbow,104.604736328125,220.51516723632812,0.9396130442619324
20,9,left_wrist,119.71746063232422,228.64076232910156,0.3149285316467285
20,10,right_wrist,116.97341918945312,241.69808959960938,0.9071335792541504
20,11,left_hip,102.9623031616211,253.57315063476562,0.9568495154380798
20,12,right_hip,100.07440185546875,254.86331176757812,0.9856875538825989
20,13,left_knee,96.58898162841797,307.5955505371094,0.9149728417396545
20,14,right_knee,97.39690399169922,309.2706604003906,0.9697469472885132
20,15,left_ankle,93.5433578491211,354.6407470703125,0.9188076257705688
20,16,right_ankle,93.53633880615234,357.64666748046875,0.9526001214981079
21,0,nose,115.0146484375,164.7176971435547,0.9647658467292786
21,1,left_eye,116.8201904296875,161.0287322998047,0.6916680932044983
21,2,right_eye,110.67339324951172,161.5483856201172,0.9868482947349548
21,3,left_ear,115.22553253173828,162.67213439941406,0.07574816048145294
21,4,right_ear,102.6962661743164,164.2537841796875,0.9607770442962646
21,5,left_shoulder,104.72574615478516,180.83750915527344,0.8899219632148743
21,6,right_shoulder,101.5488510131836,184.6794891357422,0.9907572865486145
21,7,left_elbow,107.25308227539062,207.54566955566406,0.2515641450881958
21,8,right_elbow,101.95025634765625,215.98321533203125,0.9573652744293213
21,9,left_wrist,118.52591705322266,225.73745727539062,0.2863672971725464
21,10,right_wrist,115.46287536621094,238.7858123779297,0.914699375629425
21,11,left_hip,94.28247833251953,232.57261657714844,0.938788115978241
21,12,right_hip,91.66731262207031,234.7111358642578,0.9798881411552429
21,13,left_knee,98.63388061523438,272.5077209472656,0.7917662262916565
21,14,right_knee,99.21302032470703,278.4355163574219,0.93187415599823
21,15,left_ankle,90.9399642944336,307.60052490234375,0.7392563819885254
21,16,right_ankle,91.13978576660156,313.5718994140625,0.8417775630950928
22,0,nose,190.09010314941406,155.06141662597656,0.7889695167541504
22,1,left_eye,191.00845336914062,153.20074462890625,0.4538949131965637
22,2,right_eye,186.33404541015625,153.48509216308594,0.860491156578064
22,3,left_ear,191.77891540527344,159.23580932617188,0.1706782579421997
22,4,right_ear,180.2562713623047,160.62118530273438,0.8460659980773926
22,5,left_shoulder,201.85365295410156,175.6663360595703,0.9785385727882385
22,6,right_shoulder,182.9479522705078,180.9295196533203,0.9775591492652893
22,7,left_elbow,213.09762573242188,152.515625,0.9612951874732971
22,8,right_elbow,189.03829956054688,158.1566162109375,0.837803840637207
22,9,left_wrist,205.33670043945312,126.73365783691406,0.9587250351905823
22,10,right_wrist,190.27816772460938,128.50949096679688,0.6377418637275696
22,11,left_hip,217.30816650390625,229.8341522216797,0.9905746579170227
22,12,right_hip,202.4351043701172,232.3214874267578,0.9911875128746033
22,13,left_knee,221.9284210205078,264.5901794433594,0.8357691168785095
22,14,right_knee,208.27420043945312,268.2494201660156,0.8259629607200623
22,15,left_ankle,217.28729248046875,286.3227844238281,0.756239116191864
22,16,right_ankle,210.0890350341797,288.6005554199219,0.723308265209198
23,0,nose,178.6243438720703,158.33602905273438,0.6502645611763
23,1,left_eye,180.393310546875,154.8323211669922,0.6999542117118835
23,2,right_eye,178.28492736816406,155.55361938476562,0.2695174813270569
23,3,left_ear,188.53504943847656,157.0728759765625,0.7119163274765015
23,4,right_ear,183.44281005859375,158.29954528808594,0.10217476636171341
23,5,left_shoulder,201.17947387695312,173.47891235351562,0.9523689150810242
23,6,right_shoulder,189.56471252441406,174.32118225097656,0.9396255016326904
23,7,left_elbow,206.6724090576172,147.77804565429688,0.9304232001304626
23,8,right_elbow,199.49832153320312,148.86062622070312,0.7882320284843445
23,9,left_wrist,197.7545928955078,118.33551025390625,0.9345974922180176
23,10,right_wrist,199.1747283935547,120.40726470947266,0.6882442831993103
23,11,left_hip,214.56475830078125,228.1743927001953,0.9855726361274719
23,12,right_hip,201.76695251464844,228.75045776367188,0.9865678548812866
23,13,left_knee,216.5699005126953,265.1429138183594,0.9203425049781799
23,14,right_knee,197.9558563232422,268.4486999511719,0.9248377084732056
23,15,left_ankle,213.360107421875,292.3257141113281,0.9097397923469543
23,16,right_ankle,201.44161987304688,297.6144714355469,0.89947110414505
24,0,nose,116.77877807617188,160.0740966796875,0.8776437640190125
24,1,left_eye,118.74335479736328,156.2190704345703,0.6772497892379761
24,2,right_eye,112.51122283935547,157.5448760986328,0.9323312044143677
24,3,left_ear,119.4248275756836,157.53236389160156,0.216722309589386
24,4,right_ear,105.89453887939453,161.07369995117188,0.8757614493370056
24,5,left_shoulder,117.32312774658203,174.2443389892578,0.9086560606956482
24,6,right_shoulder,101.54342651367188,179.6779022216797,0.9875746369361877
24,7,left_elbow,129.55029296875,189.279296875,0.15563470125198364
24,8,right_elbow,109.99219512939453,204.2624969482422,0.9193316698074341
24,9,left_wrist,128.50234985351562,190.2061309814453,0.06491231173276901
24,10,right_wrist,127.79129791259766,189.03561401367188,0.709456205368042
24,11,left_hip,95.77793884277344,219.40419006347656,0.9297907948493958
24,12,right_hip,83.95747375488281,222.4008026123047,0.9733311533927917
24,13,left_knee,101.81904602050781,247.6778564453125,0.6426406502723694
24,14,right_knee,97.91014099121094,255.1675567626953,0.8833606243133545
24,15,left_ankle,96.50767517089844,278.65545654296875,0.46258544921875
24,16,right_ankle,91.6841049194336,286.030029296875,0.6783174276351929
